entropy,file_size,api_calls,read_write_ops,registry_changes,network_activity,label
3.621780831931537,21491,76,18,8,37,1
7.655000144869414,2341,89,5,3,971,1
6.123957592679836,45623,16,19,9,559,0
5.190609389379256,25791,189,15,2,128,1
2.0921304830970557,1338,23,28,4,302,1
2.0919616423534184,6895,82,8,0,380,0
1.4065852851773961,13254,152,20,2,253,0
7.063233020424546,12344,158,17,7,589,1
5.207805082202461,2750,172,1,7,735,1
5.956508044572319,3421,75,12,3,227,0
1.1440914600706171,40887,100,26,1,186,1
7.78936896513396,6319,139,19,7,308,1
6.827098485602952,16896,172,15,7,685,0
2.486373774747933,12918,29,9,9,67,1
2.272774770449704,26064,19,7,3,278,0
2.283831568974037,47617,34,2,2,317,0
3.129695700716764,28935,34,29,1,579,0
4.673295021425664,38641,63,9,8,297,0
4.023615130494811,30711,42,10,0,986,1
3.0386039813862933,5806,173,2,6,114,0
5.282970263056656,42360,104,19,4,237,1
1.9764570245642927,13182,23,11,7,256,1
3.0450125397465273,23297,74,13,3,709,1
3.564532903055842,20541,119,10,6,503,1
4.192489889519251,29921,89,14,4,92,1
6.496231729751095,17774,63,18,4,195,0
2.3977164751085183,45813,134,19,8,261,0
4.599641068895281,38198,189,22,8,364,0
5.146901982034297,9820,140,9,8,759,0
1.325152889039984,25070,178,25,5,881,1
5.252813963310069,5232,143,7,5,705,0
2.193668865811041,12122,34,28,4,805,1
1.4553611508969566,16023,150,3,8,906,1
7.642198760773333,9007,126,20,9,947,0
7.7594242315219155,18905,145,6,7,219,0
6.658781436815228,42786,158,27,6,825,0
3.132296384213595,30398,34,21,6,817,0
1.683704798044687,35268,88,2,5,618,1
5.789631185585098,7737,77,29,4,456,1
4.081067456177209,37062,182,6,3,469,0
1.8542676439134518,26510,197,3,2,977,1
4.466238370778891,20426,21,16,2,481,1
1.2407196478065288,38265,41,8,5,729,1
7.365242814551475,18850,137,2,3,379,0
2.8114598712001184,1614,105,17,5,909,1
5.637655990477874,22776,101,9,2,943,0
3.1819775326258766,25077,150,12,3,501,0
4.640476148244676,10374,40,3,8,932,1
4.826971955402957,36435,87,11,4,146,1
2.293981188678689,31907,29,1,6,376,0
7.78709239435191,14409,155,23,9,921,1
6.425929763527802,17514,69,13,1,193,1
7.576492590949324,30866,143,15,4,597,0
7.263791452993542,3983,169,26,8,296,0
5.185299851677596,32705,102,5,2,481,0
7.453119645161818,21662,52,21,8,384,0
1.6194475143634364,24510,139,17,5,663,1
2.3718800369340163,13651,69,25,3,758,1
1.3165910223737665,41998,160,23,6,546,0
3.2773123153428503,29535,40,24,7,520,0
3.720741027826374,7640,14,25,5,811,0
2.8994432224172715,45547,171,6,4,588,1
6.801162564063505,16317,19,28,5,259,0
3.497273286855125,8564,98,21,4,929,1
2.9665415678116656,28345,139,22,7,519,0
4.798872582107739,49288,135,11,0,639,0
1.9864695748233385,29687,20,18,6,82,0
6.615378865278277,14737,187,4,9,291,1
1.5218545057583959,10323,168,3,9,925,1
7.908208556203621,16229,65,13,1,969,1
6.405713385076602,45481,92,23,8,369,0
2.391009770739207,9502,146,9,0,19,1
1.0386548198652168,1545,108,21,9,220,1
6.708229999183839,38114,158,6,5,844,0
5.94800140693332,30430,82,26,8,161,0
6.103050176286911,10996,165,28,0,14,1
6.39889242680162,28788,199,12,3,204,1
1.5183125621386324,30969,124,2,3,963,1
3.509260099809908,49543,16,3,8,292,1
1.811083416675908,14919,89,3,4,473,0
7.041723981129155,4810,153,28,4,122,0
5.363086887792905,31586,106,12,5,280,0
3.3162861739685443,40974,13,15,0,172,1
1.4449084520021653,42773,13,9,0,469,1
3.1768762520096354,17371,112,23,8,114,0
3.2762832541872293,46084,49,8,2,702,0
6.107243248366449,30629,26,11,3,565,1
5.462902299486492,9436,110,16,0,291,1
7.210489198034286,13984,112,26,8,696,0
4.305504476133645,34039,133,27,7,171,0
1.837159721568112,20895,61,25,1,992,0
5.992713510560965,19155,61,22,7,360,1
6.325495340318282,11616,173,4,6,443,1
4.9289403829864735,38129,133,28,5,861,1
6.396770259681927,40837,175,1,0,149,1
4.456569174550735,25574,187,24,6,480,1
4.659129805673958,4430,72,7,9,141,1
3.9927871285098475,13676,125,2,6,96,0
1.1779338872086664,11816,71,24,8,697,0
1.7552399889531312,33733,16,28,0,192,1
1.2200042998071399,21144,164,5,1,377,0
5.454872878846463,3050,101,7,8,138,1
3.2004918675342866,45460,23,4,8,255,0
4.559994838152919,34933,95,5,5,610,1
7.352965317482651,25951,142,24,5,587,0
2.7450456040421245,33413,192,1,3,679,0
3.8726804612494083,35801,139,1,3,908,1
6.288857969801341,33913,71,15,4,387,1
2.6015871584413572,48037,158,20,2,158,0
1.538859368801551,41600,88,19,0,994,0
3.028260170396376,26280,158,29,0,861,1
2.128549010778031,25557,147,10,6,442,0
7.507883566398012,48054,67,28,0,637,1
6.656842656950919,36400,129,18,0,735,1
5.433826295572964,5494,176,28,2,478,0
7.1002241313140235,16152,142,3,9,455,1
6.625704538293801,24895,74,11,3,490,0
2.305990412202251,10155,22,15,3,893,0
7.247912989429844,32883,190,27,1,303,1
4.775395693409555,44194,91,11,0,774,0
6.652081086148438,44001,182,17,2,152,1
7.2726390994644525,2828,169,17,3,259,1
3.2260243248030473,46028,173,6,2,887,1
1.7703634716937373,42898,197,5,7,957,0
2.595546137793592,33123,148,8,9,984,1
3.9897545203837943,38573,158,2,0,311,0
6.726103361457452,1806,61,16,1,34,1
7.0251140827944045,41970,192,20,6,798,1
1.0486649137183348,30757,126,24,3,993,1
4.57523111804296,35636,35,12,7,898,0
3.921877022041453,15561,43,6,2,899,0
2.5547546732951116,49280,61,1,5,910,1
1.8390575713357795,25262,121,4,8,79,1
3.363306199825396,15899,91,17,0,634,0
7.600367927387634,49988,189,13,0,884,0
3.262420524145287,16934,166,18,7,121,0
4.631534352203563,39197,175,5,2,373,1
5.921132712266245,42844,51,24,4,312,0
3.545407216655058,37332,30,24,0,480,1
7.8024745790467245,35157,51,27,4,973,0
7.737131064594779,12593,150,3,5,100,1
2.762476070777549,41042,122,11,7,539,1
4.480739541246698,18320,114,13,2,670,1
3.1061481687173877,28376,26,4,2,997,0
2.993883460642273,44513,129,26,9,748,0
1.2582086314817296,15199,146,27,8,735,0
5.266950337859278,16876,178,14,3,881,1
4.51875316260203,9245,138,22,3,672,1
1.3603512587499256,8214,139,11,6,201,0
2.95052524965628,1726,69,27,1,972,1
7.357861201766576,47600,57,10,7,561,1
2.676933234668807,12362,38,19,5,251,1
2.0142641046385616,19297,106,18,2,147,0
4.426169321942941,31448,19,6,8,354,1
7.899553178774205,27172,67,27,4,189,0
2.694386900580503,43874,197,29,7,721,0
5.70494883184115,8657,30,15,6,512,0
6.331337307301023,19850,37,21,7,212,0
2.6634628079467975,26425,43,10,6,582,0
6.0975144402830175,27685,17,5,2,201,1
3.5744819290347727,48319,196,26,1,14,0
5.4261408141550564,25578,186,29,6,899,0
5.434707975326263,29831,88,5,2,246,0
4.750422788523309,8906,154,10,2,702,1
1.6320283903808581,8287,197,28,1,320,1
6.847117469124666,34660,96,5,3,558,1
3.245460454802151,11222,97,3,7,65,1
2.3056295727989795,38443,182,23,0,452,0
1.2854259908833474,35701,78,6,0,246,0
5.136250602317693,18764,169,4,4,879,1
5.742950532895977,45641,181,18,4,870,1
1.1161148024949932,18674,96,28,0,206,1
4.584651408094967,19024,110,9,5,594,1
2.585470426385566,47007,17,17,0,580,0
5.516209532866149,24874,86,29,4,761,1
2.22056500303494,44642,96,13,8,523,1
5.836564166717261,33284,52,27,4,458,1
3.707147424103762,18602,138,15,5,369,1
7.557109921157141,38784,118,20,7,709,1
1.9626466090219528,24265,188,17,0,828,1
3.3874644573518093,26931,161,13,1,39,1
1.7943146486841235,29841,161,16,8,788,0
7.472855327949939,30192,26,22,2,997,0
7.1413754736668675,47542,142,4,5,117,0
2.8055913940060893,43520,157,5,4,853,0
5.6198883222392535,16585,30,5,1,944,0
6.720555401408511,26559,67,9,6,611,0
4.886405681196236,41059,168,17,3,726,1
4.707554048492046,34742,119,13,0,900,1
2.6929660363031616,5133,148,2,3,977,0
1.6517193746412944,15663,189,13,5,968,1
7.280510305673287,22754,152,22,6,969,0
7.302926400143313,4972,144,21,6,454,1
5.4317102009128755,6295,37,27,6,902,1
3.3732085373409046,47681,60,23,2,447,1
3.4444670222886264,42873,195,19,5,741,1
6.081689752091676,30125,14,3,7,899,1
7.279771819668039,41996,14,10,3,615,1
7.209604969855821,10903,103,2,7,466,0
6.459128821003367,4020,105,13,1,624,0
5.494221523080014,42755,17,19,9,744,1
1.588979754965342,21420,73,26,8,707,0
2.131400998662296,22452,147,17,8,990,1
7.289879319689555,46648,47,21,7,705,0
5.24500341761713,39001,120,14,9,504,1
1.0643793613164076,10516,121,12,9,683,0
1.7103008000622246,48327,90,21,0,256,1
5.644512383756391,3396,145,12,1,552,0
1.0354310869235308,19546,113,11,5,573,1
2.1256563599224907,20129,162,7,9,866,0
4.841136525566103,2591,82,4,4,597,1
5.843266383848853,12303,187,19,8,906,1
5.5637288165182035,31561,58,1,4,448,1
2.5698851662239184,7183,45,28,1,287,0
5.985254549432751,27572,135,24,9,561,0
2.6607436124776003,35080,77,29,3,622,0
3.277797887114874,21695,87,3,8,120,1
6.225439835826169,8314,114,13,0,394,0
5.547430293330502,20623,178,15,0,842,1
6.944563873459246,3139,131,2,6,770,0
5.603290246102404,48456,128,11,2,200,0
4.9781602233483015,32290,199,4,9,499,0
1.6557233747966473,19088,123,19,1,703,0
3.5740106214160345,40692,19,29,8,435,1
2.856416573772078,34130,158,17,2,414,0
2.7079275036535853,33088,173,3,1,344,0
7.811073883267119,27292,149,28,7,218,1
3.751684072667323,47249,100,18,9,31,1
7.244325886239793,21670,11,8,5,687,0
5.41797038198084,4738,127,22,5,620,0
6.563679124791539,3469,22,25,9,217,1
4.518459651736345,23534,190,24,6,17,1
5.038327192384513,49874,169,26,6,711,1
4.447623856732047,10017,104,19,5,696,0
2.3667009145863114,3808,153,5,3,794,0
6.057164806830537,48638,41,7,8,538,0
2.9654065370859906,13713,41,21,5,611,1
1.1702117650201769,41329,133,8,3,662,1
5.518306071350175,3719,20,28,2,666,1
2.239774755849343,23890,19,5,3,175,0
7.5832100904704,12700,24,17,2,858,1
7.677500039018112,37509,26,5,1,505,0
7.40405073154314,43534,177,4,4,599,1
3.591110901788111,37766,155,22,1,438,0
1.108196315702072,27705,192,19,5,783,0
7.498229938114077,19787,162,27,2,172,1
3.9972890382212003,49845,68,21,5,375,0
7.766583733305687,27588,87,2,9,535,1
7.74533983962477,27123,133,11,8,248,0
6.971066188271521,34062,123,22,0,81,1
3.0611422444870997,11177,31,13,5,454,1
3.6956841002134766,22727,167,15,8,664,0
6.9579567006179985,31220,181,12,3,831,1
3.2184540360939438,10882,41,22,1,518,0
2.1864492268026474,2136,188,21,3,804,1
4.897608837208451,35832,183,22,0,278,1
7.553083419125467,32966,122,11,2,762,1
5.872208576724811,8009,129,7,9,424,1
4.990428190625555,13987,158,28,8,254,0
1.6802354563953799,38311,131,5,9,684,1
5.305050586894188,32575,41,17,4,69,1
7.930376950729843,2007,128,24,5,15,0
1.9805881066556683,6445,48,20,2,718,0
4.628307566546157,11706,21,9,4,991,0
7.141611503495688,48517,184,14,7,579,0
6.185380324279431,45486,27,26,5,826,0
5.879110186966876,30257,158,12,3,416,0
5.917388587909765,22736,150,6,1,226,1
3.516438058538286,43207,158,17,8,939,0
3.0551429098514538,14281,135,19,0,35,1
6.665528088349595,2435,145,19,0,824,0
6.670793762754265,34339,55,26,3,14,1
7.069506230060726,36150,113,16,6,995,1
7.392683867895299,26821,144,12,0,541,1
4.579396792026564,27660,160,12,8,399,0
4.510614062810397,6084,95,20,3,719,0
6.588066252767426,17661,159,6,2,580,0
5.549747515444356,14507,98,23,0,457,0
5.913768140803923,8059,31,26,9,763,1
6.570548686052708,19271,101,4,3,155,0
7.230037392722964,46539,38,6,8,397,1
3.365966097960751,8491,22,11,9,794,1
3.629080668479608,48295,11,1,5,258,0
1.657873578886083,15859,38,24,5,535,0
5.047960986973218,9073,189,23,0,471,0
1.2515959165771946,10077,36,15,9,22,1
4.259186126927221,21953,59,27,1,912,0
4.798512442953037,12383,104,11,5,393,1
3.005788764897991,3353,160,25,1,565,0
5.135832823983075,24821,97,19,2,896,1
1.213501749573346,38567,53,18,3,408,0
1.261437321244501,25860,31,17,4,28,0
6.758203924617607,22195,180,19,8,584,1
3.52133448987884,12939,174,21,3,500,0
1.8894235885631936,26338,198,14,8,760,0
4.655702820383631,22730,106,27,9,428,0
6.389954871690276,22427,193,18,2,346,0
2.5107471924779023,36196,12,28,7,428,0
5.360233330733002,28083,127,19,0,924,0
1.597432254956376,22510,28,15,8,925,0
1.3617720481802538,45064,32,15,8,621,1
4.719482420977036,8813,166,4,9,684,1
4.784445851270746,32598,39,7,1,937,0
5.462009310487446,48182,48,13,3,131,0
6.082639336058631,28570,117,3,7,441,0
7.830964556237742,28082,120,16,6,53,1
4.614102438108367,30241,34,9,0,881,1
3.260695310588722,31678,137,8,4,929,0
6.566303363380926,45569,120,20,6,326,1
2.8958257588345195,12745,145,13,3,390,0
4.072799944939453,27029,115,17,0,154,0
1.5491946693958618,14025,195,17,8,336,0
1.1774552039082025,37124,153,17,4,372,0
7.738538902745475,15288,81,1,1,59,1
6.851860843585441,24650,138,8,7,74,1
5.871819442655886,7540,117,19,1,364,0
3.8626706108998894,33232,14,6,2,809,1
2.2130602404959205,17422,12,3,9,173,1
2.095059298697602,4342,141,27,0,150,0
2.7517002871521674,42846,113,5,1,975,1
4.844586652942843,36612,73,13,6,835,0
6.0021714589004365,11396,115,15,9,137,0
5.621381637024119,18482,107,14,1,407,0
2.9595372786215997,24411,19,29,5,942,0
7.684056964642359,47766,158,23,2,889,1
6.16527841687038,14261,137,16,3,472,0
4.880478367579805,4093,55,18,7,760,1
5.282045223640465,12722,164,22,2,845,0
3.9372004369945293,23042,75,29,9,817,0
2.7341169265081025,45413,178,22,5,196,1
3.491808750558831,48851,121,11,0,729,0
6.304922773250584,29087,22,3,6,741,1
1.100754420408291,33347,146,22,7,921,1
1.8125084835484135,34756,173,10,7,199,0
1.3220184941522692,40214,95,10,2,397,0
1.285101616232791,17335,99,21,9,438,0
6.98822408807705,29602,67,16,0,867,0
5.925605015660166,49901,63,12,8,293,0
4.319216803611276,35450,21,2,5,873,0
1.6848391245570102,33196,23,9,8,246,1
4.441311125817826,6626,130,24,6,203,1
4.31430239546396,8424,171,3,0,296,0
2.212413089370106,13857,190,24,0,780,1
4.036961544665811,45923,130,25,5,767,1
3.789533140781614,20982,29,15,4,145,0
5.310950686365516,12425,84,3,8,801,0
5.445655556073507,2980,153,19,1,792,1
1.3171280684043116,49290,79,18,7,180,0
3.6222883023852983,27431,65,8,4,168,1
5.381019409999655,20440,110,26,1,210,0
4.521953810060614,42752,195,17,9,496,1
6.995428888318256,18175,141,8,5,566,1
5.610855421332615,49651,120,7,9,971,1
2.140540989570008,27385,134,7,7,785,1
1.493981231803009,39158,141,3,3,592,0
5.49693494744421,24019,29,1,1,513,0
1.1855791737913526,19639,147,4,4,885,1
5.100429068914243,20994,33,25,1,380,1
7.581611689974703,35375,163,5,1,112,0
5.0283192451311525,22563,46,1,5,134,0
3.7171894834456536,40341,63,15,9,322,1
5.503017529096472,6776,112,5,8,985,1
4.207770233440616,37444,158,13,3,807,1
4.819317525211544,4380,47,8,5,467,1
7.590253661435677,9711,183,8,6,239,1
3.70271846460542,9782,13,5,5,667,0
7.7283339467674,18434,197,28,7,891,1
7.337454493692446,47765,66,9,3,206,0
2.370537943525075,21017,182,1,0,894,0
1.4855291061261582,31707,29,4,6,742,0
1.7054460096419866,40110,26,3,2,432,1
1.127552779560848,18343,128,2,5,581,0
1.6611007252914987,39827,80,8,1,619,0
5.781047413914498,42652,13,23,8,180,0
1.498320539221603,6655,23,9,0,391,0
3.2328294120563292,45859,12,2,5,182,1
6.914127176786182,16251,89,14,5,672,1
1.162903550150781,1526,195,14,4,462,0
6.701279378122551,4224,64,4,4,359,0
2.9729834234137993,48837,141,6,0,911,1
1.8271537933515938,12536,129,11,9,961,1
5.877160157549055,29541,33,3,4,643,1
5.402599927459188,14547,171,8,1,503,0
7.14230409468937,35531,167,3,6,629,1
6.145497306627201,9712,91,14,2,13,0
6.62436651269394,39565,156,28,3,102,0
2.9742420079991456,10208,168,13,2,928,1
2.24207680645806,6109,197,13,2,15,0
6.254303261486008,36201,69,2,3,297,1
6.647843174870848,17967,156,13,4,627,0
7.933535994004713,30759,58,29,0,155,1
3.8883237383799854,21172,72,19,3,792,0
3.604126600549482,37935,119,27,7,433,0
6.434890725193978,27589,159,6,9,899,1
3.385624781771125,31015,161,16,6,617,1
7.515301279224953,30009,118,2,8,466,1
7.008889262901082,18773,85,8,4,750,1
4.002958191625129,42125,39,17,9,211,0
6.256097474540482,27143,67,23,3,221,1
6.281800118592776,7154,126,2,7,15,1
1.7218670818515283,22804,168,10,8,633,0
7.317870346756966,42688,109,28,6,385,1
4.536766607135,21581,28,16,6,900,1
6.785202262754192,31087,185,6,4,456,0
3.240347207214282,33981,182,28,3,844,1
7.268662599473403,4762,103,2,9,115,1
3.724411751139142,47167,192,2,0,660,1
1.0758635603620885,10768,122,26,9,820,1
7.337673834934845,44408,192,13,9,410,1
1.639006737502935,40499,155,24,6,105,1
3.235195463132904,39559,72,15,0,397,0
7.650433769355635,49590,125,28,0,968,1
7.654250028562893,9783,122,2,4,461,0
5.014065216863003,47389,56,7,8,858,0
5.422860485188595,30781,66,3,5,818,0
4.1391186538482385,31811,127,8,2,988,0
3.0524754018864515,49787,54,23,2,910,1
3.3006518175894115,36488,170,14,6,425,1
5.707629192539269,9905,154,24,5,735,1
6.26662170606376,10127,13,23,8,513,0
6.54105330608094,23431,157,27,5,463,1
6.527326999561877,7368,56,22,4,300,1
1.6384427213408326,28424,152,29,9,543,1
4.4609421329180705,47824,56,7,6,202,0
1.40291132011651,46004,87,21,0,989,0
4.846702176266149,19333,133,7,6,159,1
4.090713509613639,24116,84,1,2,889,0
7.213929279308099,48219,112,17,8,768,0
3.456405087864551,44201,146,9,5,788,1
1.819469114993241,16525,99,21,8,982,0
2.000941774369851,24398,153,13,4,772,0
6.3305744220223055,33857,78,21,6,524,1
5.327526443213827,11361,70,19,3,402,0
1.7078587328595316,17369,147,21,6,325,0
1.588747642804982,4041,59,19,0,85,0
5.90678392021384,1105,12,25,6,608,0
1.5093410445493547,10078,116,25,7,279,0
6.753020415032493,26003,122,22,4,234,0
5.943695590095474,7090,103,17,1,539,0
1.5694414644932984,39850,127,23,4,122,0
1.5938639985963434,2925,90,23,5,260,1
7.906477049508228,19440,118,10,1,242,1
3.6198955702928424,40685,60,10,5,850,1
3.5944950294682365,27015,156,4,5,800,1
6.689596970802518,34320,179,8,0,723,0
7.630740041687011,26291,44,22,0,92,1
7.902007446760097,37679,55,20,9,134,1
6.273647296812591,27289,163,20,2,184,0
3.6338170987164102,4389,78,18,9,78,0
1.5845050168906814,26683,102,14,9,56,0
6.440028411492057,14629,73,18,2,893,0
4.9088297481506356,25826,174,28,3,265,0
3.969554064728834,36198,58,14,1,736,1
7.344480695663152,27630,158,20,8,39,0
1.7783823761430595,34226,83,21,9,290,1
4.448375730036014,47163,14,24,6,933,1
1.0794755133719334,33975,109,15,6,246,0
4.280624493958884,1899,79,22,5,257,1
1.3941229297728615,12653,99,4,2,377,1
1.8317254138765033,28961,13,13,5,504,0
1.8226837274397343,17405,135,27,7,34,1
5.544472114812445,9601,48,23,7,595,1
6.222314154857963,34662,172,8,8,727,1
5.083581355680117,34282,138,18,0,499,0
7.735207839321793,22288,33,12,0,503,0
3.6240940566659283,30545,66,23,2,323,0
2.999984603973025,37877,109,14,2,615,1
7.080193897326222,47026,79,2,9,384,0
2.5651708696361686,16313,50,18,7,648,1
7.742557776084279,16349,191,24,9,946,0
1.0850813228287144,8179,183,2,0,34,1
7.789151786953473,11326,69,11,1,343,0
1.3021193836540328,45555,117,9,1,364,0
7.238001795886498,2560,197,12,2,125,1
4.6939077636040984,14612,66,17,5,57,0
7.950753572835103,18650,40,15,0,747,1
1.516575953147792,27745,93,25,1,787,0
4.876979990809246,32890,161,17,0,108,0
7.7851177493336925,21022,45,26,4,468,1
4.661684909191042,5780,167,29,6,532,1
5.405790466946838,19311,161,26,7,606,1
5.87024082289232,29380,117,18,9,414,0
4.181787453374413,45662,115,22,0,223,1
5.392906560588444,3356,167,6,6,694,0
5.090200183461702,5790,95,17,4,912,1
7.308106073436923,27911,144,23,9,512,1
1.318124662390205,25363,172,24,0,730,1
2.9667423271456124,21049,192,18,2,457,1
7.652880388535911,11181,23,8,6,903,1
7.231846487236414,40825,129,9,9,585,1
4.18959726949999,17082,147,6,0,267,0
5.340928184610757,1661,89,5,6,853,1
2.941668280867929,38412,153,12,4,130,0
2.3168481180663294,49479,191,25,0,819,1
4.245888834579875,3920,115,29,0,987,1
3.4734655961823697,26658,79,28,0,63,1
5.0855927829561045,49770,53,11,8,340,0
1.544142458754894,15025,82,25,2,793,0
7.820763653663166,9946,54,1,4,250,1
7.90347521135722,29706,193,11,9,764,0
5.887131998138216,46500,116,19,8,539,1
4.752674564408842,40004,93,9,5,492,1
3.166693314004294,17309,91,27,8,196,0
6.696565137948641,47286,116,2,7,867,0
5.793118207877155,34120,194,12,7,665,0
2.138318575414239,31027,30,4,0,271,0
7.376490291456897,8005,187,4,8,962,1
6.757760700462183,47804,170,18,5,373,0
7.648599393043468,1956,16,15,8,500,0
6.08003655871852,35839,79,19,2,440,1
5.293906371550529,9595,136,13,2,248,0
3.927701254034332,48908,152,19,5,313,0
7.529099383478092,13803,169,17,8,307,0
7.062447226502859,26963,157,6,6,85,0
1.3165306907433258,37221,152,16,2,709,1
1.184568821480764,40443,185,24,2,342,1
3.6352435681463473,34723,158,12,1,909,0
6.6738733154728305,40063,179,19,8,767,0
7.910932905204612,49689,163,5,2,651,1
2.0529182377246973,16282,129,17,4,483,0
5.158915007464946,5703,137,26,8,836,0
3.6662359964171505,7563,151,23,7,932,0
7.789400784702222,26849,66,26,1,292,0
6.894832461949961,32860,174,29,2,600,0
6.868300932977965,32585,67,1,1,81,0
4.280852118564792,23015,30,28,7,272,0
3.903736516363656,13003,91,27,5,712,0
2.9138495035149434,44585,78,25,5,888,0
1.3946284765564898,27958,140,24,8,896,1
7.053056633785372,27017,96,23,7,951,1
6.690307063910543,12171,174,10,3,584,1
7.998023713002914,46350,58,15,3,901,0
7.976457859517337,13201,156,23,8,21,0
4.888021939218392,30426,124,21,0,150,1
6.3829119062635735,18778,98,21,1,775,0
7.6133601091769965,46241,94,11,1,564,1
6.94753173474188,43229,137,13,5,26,0
2.7314367122023837,22116,149,5,3,72,1
4.1538089471706545,49364,198,1,9,262,1
1.9041159060604649,34297,178,24,2,474,1
7.678357190811057,20342,170,12,2,385,0
5.24322244115616,28490,187,11,2,813,1
2.600499638524239,20975,126,17,5,990,0
5.701904790840997,27723,136,4,7,529,0
5.326897683205271,24279,80,15,6,846,0
3.5071390262298836,13765,95,25,3,99,0
1.7949031453974031,47678,42,9,3,729,0
5.7010123691495975,12561,90,21,9,813,0
4.642153906326553,42899,161,20,1,805,0
6.406228742149475,1525,70,19,0,639,1
4.641144507783954,23861,70,19,8,870,1
6.965270502229781,34142,107,12,1,184,1
4.863347871421398,27916,37,5,7,85,0
4.926565800747704,45965,195,10,8,622,0
7.1365752186084155,5648,52,17,3,935,0
3.824380063486779,36133,178,5,7,672,0
1.938106599154485,31523,176,22,8,409,1
1.2014787341933728,30052,95,16,9,791,0
6.285960789715333,35414,186,7,9,979,1
5.342166859474252,33781,26,28,4,80,0
5.928558376694565,5599,107,9,6,189,1
2.4907491305623752,36046,107,3,9,133,0
1.9546003291073883,48064,74,15,3,390,1
1.1018126596751734,36923,83,16,0,302,0
3.454112911646179,42089,94,18,2,806,1
5.129423807982431,4814,14,14,4,204,0
3.7457083156981263,46893,11,3,2,920,1
4.062324454166103,36984,31,12,6,237,1
7.329110861456239,27616,121,9,8,440,0
3.4377882691631023,3113,66,28,5,951,1
4.5979264241186755,44006,75,7,9,445,0
6.485571089188001,14760,83,9,0,796,0
3.775799476248891,22927,107,13,6,470,0
5.3546069015951145,21939,153,18,2,627,1
7.036545961227216,33419,121,5,4,30,1
7.646644365603494,13588,188,13,9,73,0
2.0295143665032658,37142,134,4,3,174,0
7.486113376130461,40198,176,2,9,36,1
4.444814051556767,45738,95,16,4,320,1
2.8077107180927086,34397,85,9,4,294,1
4.213950293667829,17653,97,9,5,669,0
7.860228026998339,11831,177,6,9,290,0
4.448326657950087,6724,47,11,9,847,0
3.3012612720125576,12083,197,22,5,840,0
5.43380598021708,46917,68,24,7,173,0
2.6810193314473514,20816,147,22,7,907,1
1.5310432967606475,43240,108,1,8,927,0
1.9021580533745446,7276,72,4,7,233,1
1.8963208727044072,49403,58,13,1,793,1
2.0633188545860603,39663,41,23,9,155,0
1.971790208545871,14994,144,13,0,974,1
5.486123213622502,24499,30,13,9,959,0
2.2731605907940136,24040,29,2,1,877,1
3.4196709832670424,44320,163,9,1,39,0
7.2775188693420825,17959,136,24,2,54,0
4.317731481840107,7099,77,8,9,796,1
5.6729041696471905,43267,119,7,6,480,0
2.206239098411409,20576,125,4,1,43,1
2.3460231316606954,36946,152,18,0,662,0
1.286080313865352,7116,129,3,5,436,0
2.1825454415051517,16563,88,28,8,839,0
2.9501323732237106,27788,125,6,2,895,1
2.2390733899372277,27928,101,12,5,230,1
1.6209177362993894,37336,23,12,2,877,0
1.8444510977042057,10847,164,21,0,543,1
4.22545137622908,27155,134,28,4,701,0
2.4443360288405476,15135,177,8,9,957,1
3.549889027336528,18774,67,22,3,376,1
4.5239208959839985,2742,37,22,6,941,0
5.832763800405557,19309,35,1,5,850,0
1.2751849788876926,1619,122,4,9,752,0
6.5958727923632985,18658,75,21,6,924,0
5.395302726436355,35707,162,28,4,559,0
1.5723132236421034,21337,140,11,3,591,1
7.115050368747441,17001,53,3,6,125,1
7.446106803722692,1968,106,13,6,248,0
1.4275457189840464,48614,51,25,5,344,0
2.938143537030426,26892,15,17,7,450,0
6.643408958551429,26619,176,22,3,157,1
6.237817832685608,1281,189,22,9,18,0
2.2916471354946415,28420,32,10,4,297,0
2.465445263356972,16360,98,21,3,397,1
3.593304719539674,40030,132,12,0,59,1
4.391660896337149,2058,187,15,7,859,1
5.327783400712072,21677,180,21,0,526,1
3.582395476988407,11724,156,10,4,925,0
4.237743012932035,29404,60,14,5,864,1
6.232296566936296,38946,20,13,5,647,1
1.2567824202341853,40748,21,5,4,596,0
2.7670586104081454,30856,83,6,2,686,0
5.993447101191867,10200,17,24,4,287,0
7.266447863810395,34997,161,2,7,963,1
4.5817420948096625,26611,50,22,1,845,0
4.7247943968572095,42235,173,17,5,998,1
1.7502040793784324,36057,94,4,8,309,1
4.131886567764182,2239,81,14,7,811,1
4.728320865185163,39138,64,10,7,598,0
2.697293525443108,49938,146,3,7,819,1
2.884702616645667,1125,56,25,6,658,0
3.6409891417323585,46272,152,3,7,627,0
1.1404983844440846,24857,185,15,5,616,0
3.254554159082248,16398,113,6,1,144,1
2.4801360489758126,7638,51,17,1,589,1
3.2924814652454026,7570,69,12,7,156,1
1.8383349227347585,4249,21,22,0,499,0
7.233690965179265,10110,139,20,5,487,1
5.155147174878341,41363,16,24,5,168,1
5.753716234011427,14605,89,29,3,393,1
6.524198670251368,13115,140,11,9,172,1
4.489095392503401,40062,118,25,2,450,1
1.6084420166119657,23911,12,4,2,862,0
4.759745792729834,39525,36,26,0,198,0
5.107887826146154,33556,123,28,2,424,0
6.21807631929031,13595,116,26,3,348,0
4.021616823607756,2969,49,6,4,616,1
1.8930621195689463,44753,170,1,2,190,0
2.9864313405910714,18275,138,20,5,297,1
3.541576074790446,5470,17,23,4,843,0
5.521420689321209,11225,110,28,2,196,0
4.995448132682383,43324,169,16,5,893,0
3.4926770812849237,42974,133,15,5,147,1
7.905606741550858,43759,185,17,7,139,1
5.24042373549821,24196,116,8,1,203,0
2.660587542151961,41287,110,28,0,325,1
1.7124773083428262,14669,13,26,3,993,0
2.0700139742903243,38380,119,12,6,794,0
2.721704098691557,46141,28,27,9,873,0
2.12476961281689,49320,41,22,2,153,1
2.30596916835914,48414,146,21,2,25,0
2.99566618085693,39006,21,10,4,311,0
2.213615167063284,16577,148,27,4,432,0
7.277357972384976,23473,55,15,9,254,1
1.5616362196314955,29625,128,9,2,936,0
4.671579726991783,16504,25,2,8,116,1
3.8727777889276305,25089,138,5,3,97,0
7.8766503183602445,37487,72,6,2,138,1
1.7842723151763664,1302,118,7,1,916,0
3.7849891933201913,32463,128,21,9,896,0
7.786293032927582,45912,30,25,8,350,1
7.0585498812578615,30259,167,1,3,13,1
6.7195044966449595,43823,22,23,2,336,0
2.805319789314579,38208,171,26,6,419,1
2.1962131117304606,31659,13,7,7,888,0
5.680502539471017,36840,165,20,1,315,0
7.505631923893101,32890,111,25,6,917,0
4.897340251097509,14598,68,12,4,616,1
5.001288826289299,48055,137,16,4,730,0
2.9598536556219894,47733,36,16,2,234,1
6.3864505323435585,20508,78,11,4,980,0
2.3093062399026634,43287,34,21,1,357,1
3.265754654829706,14380,140,4,3,330,1
3.9780550703149173,27984,106,13,5,568,0
4.553272650791185,45633,34,7,0,997,1
2.696868126905562,9125,157,4,9,190,0
1.8038577731744248,37059,171,15,3,627,0
5.274340297091428,5033,163,19,5,720,0
3.0204138726817904,38873,135,9,8,395,0
5.068667549958286,18087,142,11,1,627,0
2.080539006919416,41901,198,8,6,801,1
4.367980712983723,6704,18,1,5,781,0
4.7281260278611015,8848,125,23,1,117,1
1.3627647577569884,22592,187,25,7,540,1
3.356229947357444,46743,143,24,6,419,0
1.9409027385728197,7924,69,8,4,980,1
1.4436247933093742,28208,181,13,4,305,0
7.9297216267296164,20614,130,22,6,827,1
3.256476914823061,1488,148,27,8,180,1
6.669121120982444,40882,184,4,8,340,1
2.782484583346347,26923,117,8,8,502,0
5.7705190555675046,49508,117,3,5,204,1
6.321595019227805,36941,140,29,9,21,0
5.16947118425491,30165,85,9,5,204,1
4.301033319851109,2667,39,29,2,499,1
3.8828863990308795,27213,30,2,0,804,1
3.442077865800967,5114,165,2,6,890,1
7.506704009734781,37321,199,28,3,191,0
6.814335854514104,8761,170,13,0,971,0
7.755188374665588,32116,172,15,7,826,1
1.8700805643988132,34768,189,28,5,665,1
6.11607232642551,49406,43,23,5,907,0
7.568383197747265,26426,50,12,1,325,0
2.268631463159621,18772,60,26,0,703,0
1.4654738715674425,39218,184,4,1,39,0
6.187844545030414,4712,91,26,3,605,1
5.021311792259383,2367,67,8,1,687,1
6.892801437307904,41957,84,9,0,805,0
1.9784066363840265,42781,194,23,6,802,0
6.566871183019232,27200,32,5,7,105,0
2.4113912403342117,4726,185,24,5,390,0
2.1455916000599315,24616,137,20,3,787,0
2.149860585516951,28723,159,18,5,453,0
6.702023041619674,38574,26,11,2,307,1
5.656380544873401,35958,78,15,7,817,1
4.661457973383835,10108,117,28,9,746,1
3.5118133888645175,13178,148,22,1,854,0
7.140403785691758,36643,103,9,4,370,0
3.7471157519584475,32324,24,17,0,383,0
6.716196076301039,39360,100,27,5,563,1
4.073944359991529,18824,172,26,1,312,0
3.638611005974353,46360,42,12,3,430,0
4.238758499687245,9927,134,7,5,255,1
3.1096451191489947,29144,25,10,9,729,0
6.233265661233758,32010,171,25,7,246,1
4.519042730647354,23443,75,26,7,543,1
2.6254888660277214,15437,177,25,5,194,0
7.297022012921979,45298,165,10,3,477,1
3.6872385496124798,40778,56,27,7,763,0
4.80487002779792,12207,176,13,7,372,1
7.345304776751829,26537,157,19,9,292,0
5.369665971397945,36757,133,11,0,562,1
1.8182862849585484,13040,10,13,3,345,0
7.578824865294326,42986,96,21,3,171,1
5.393956371499925,23612,137,8,6,169,1
3.344339302599603,29441,76,8,6,483,1
1.9749045086437107,7471,13,4,7,610,0
6.558176324892072,36631,195,15,4,331,0
5.340509291499595,44461,162,28,6,21,1
4.7342276438342505,27523,56,11,7,433,0
7.257248081356703,32348,47,11,8,82,1
6.5201804785717155,2177,152,1,2,597,0
2.061724158129258,5760,30,17,2,867,1
3.1820544745688375,33779,66,15,3,210,0
2.73942397870126,22636,126,20,4,531,1
6.207624048008739,17353,190,6,9,873,1
1.2347270431504556,12556,55,24,0,514,1
4.989227794099216,28598,151,22,6,747,1
6.337210800184834,12563,154,28,8,697,0
7.137359457332246,47819,48,25,7,797,1
3.3945722410113524,44790,146,15,4,48,0
6.74880113270409,9234,108,9,3,69,0
1.7744221586864506,26519,86,14,6,587,1
6.925166042141627,27966,124,18,4,330,0
1.892420636323877,17173,143,26,6,444,0
3.781011033922571,27987,160,17,0,645,0
6.581067560456876,14178,196,18,0,685,1
2.0494219914414167,40338,100,5,9,417,0
2.6047597666284905,25596,107,20,2,932,0
6.055767978751464,34174,129,20,1,395,1
6.04025575582252,42974,55,9,1,680,1
5.488033430197081,5431,47,11,6,578,0
5.8576391112697,28764,151,24,9,87,1
4.799071103433173,22627,109,22,1,203,0
2.7625934123486693,40310,81,1,3,294,0
3.4198719545274363,9906,199,18,1,536,0
2.2711840176099796,37914,44,6,5,533,1
7.359153929335398,45814,156,27,7,622,0
5.0837425633628435,46379,39,2,9,165,1
3.8059599173454792,14076,87,15,3,349,1
4.2340406255089285,38650,93,29,4,134,0
7.630983377282707,47881,122,26,3,880,1
2.0734598218125613,47413,34,21,2,289,1
5.103608824117581,7012,177,14,4,926,1
4.541220752191261,8151,97,5,8,915,1
5.280179648042535,29211,23,6,7,631,1
1.1267712867458837,28117,163,6,7,855,0
7.104867362609061,37378,111,22,7,878,1
7.524827977385287,43652,159,18,7,667,0
4.9559322851244625,7894,185,14,6,737,0
5.876555767138246,14467,92,10,7,919,0
7.457495668241069,32010,119,14,7,683,0
5.95067044019379,43641,188,13,7,137,0
2.0677733003998293,13289,140,3,9,323,0
5.034018521167692,45976,179,6,6,341,1
5.247005324679991,44596,28,29,0,159,1
3.968914699116702,24171,37,8,3,463,1
6.15510964937306,35905,182,12,3,45,0
7.540569103383104,21829,80,13,4,694,1
7.478979590347434,35054,72,11,9,429,1
4.155875599828924,49478,82,12,5,31,1
1.7926663208852869,45139,133,1,3,215,0
7.893888392736342,49713,128,17,1,648,1
6.8722866051215385,30734,130,16,5,857,0
1.8726387684228678,8052,28,11,7,966,1
7.445893178321606,4654,184,13,7,365,0
7.089274534434898,24486,151,18,6,449,0
4.6318663998825045,19743,129,11,5,738,0
5.1389280502145045,49368,175,28,1,105,1
3.7930189270909116,25489,190,12,6,938,1
1.3833314717542193,9636,70,6,4,950,0
3.3463806915213063,7441,173,9,5,173,1
6.6199741401860805,25611,177,16,9,157,0
1.03242416103222,43435,39,4,7,539,0
3.3344942018380093,13149,18,3,7,303,1
3.787180855136603,35566,73,28,2,204,1
4.76176922056546,43368,170,16,6,672,1
7.438989314889323,22675,129,24,0,489,0
3.4244219605617285,6495,61,27,0,886,0
3.4286724132735937,43668,98,26,6,132,1
6.162508736768238,14673,151,25,9,409,0
4.16552558622865,12130,62,12,8,708,1
2.5722337605798735,23668,196,11,6,974,0
4.167076612928854,16222,87,5,9,461,1
1.985999142658599,24669,50,25,4,670,1
2.234708905543563,35068,77,18,7,113,0
4.488574409176358,24253,17,19,1,764,1
3.9324781465318353,10435,11,23,8,471,1
7.4039213074767005,29552,114,23,5,752,0
3.536757293816432,38384,134,6,8,727,1
5.064118451946304,17393,119,22,1,719,0
5.425850015436713,11617,95,18,2,405,1
1.0916611961183356,39520,178,26,7,921,0
5.644761604116974,10852,129,6,0,346,1
2.24625176808826,32401,136,4,9,608,1
7.727492222286186,7295,192,12,6,151,1
2.040639094271791,36993,25,19,6,326,1
3.902368866089166,35084,71,29,0,720,0
1.597447676550507,46105,122,27,8,567,0
7.978119762921631,40575,185,29,7,809,0
4.515365072318698,37451,167,2,3,536,0
5.167695121240307,8227,21,17,9,565,0
1.4695353417189922,32910,44,11,4,410,0
6.249723292794244,37041,20,11,1,690,0
2.4693391516691,24384,73,21,8,319,1
7.286380026084997,1145,59,16,5,504,1
2.4359774833740504,38778,158,2,2,565,1
2.334814044645666,17035,78,2,6,619,1
1.255847674936664,4040,57,23,8,782,0
4.304468615769995,43422,29,8,2,118,0
4.953887932838315,27160,110,13,1,804,0
1.4599604759984666,18633,181,10,6,381,1
6.428693316865074,30344,170,8,6,864,0
4.173021843236193,18014,198,4,3,625,1
4.67073188529306,15996,146,15,8,777,0
4.085339228567597,42621,77,1,7,900,0
3.8053414261272818,12695,44,11,0,215,0
4.917482319157525,3852,74,7,0,856,0
2.0866817215149878,17014,17,17,4,52,1
2.273496913466898,28042,54,27,5,874,1
7.032499347094621,34755,96,20,2,254,0
7.622808234935429,41390,184,24,8,296,1
3.6131652139582706,24711,177,18,9,364,0
2.8952127120048763,27122,85,22,5,794,0
5.5079968026731105,10160,191,29,3,485,0
3.8611391976866747,28213,85,22,6,92,0
1.177704489622414,40420,183,12,7,119,1
2.0930681815633325,8421,56,9,8,959,0
6.0118056019317825,22400,24,5,5,199,0
5.6124675933710595,34537,114,10,5,992,1
1.1896719475243844,18727,156,4,7,809,0
2.553805133530646,47882,35,5,4,945,1
2.6175235761164997,5358,61,28,2,918,0
5.703249205191099,29482,102,28,2,260,0
1.1379737642805492,33117,159,10,5,733,0
1.7287600738920168,24164,30,11,1,300,0
6.599412597612326,32910,60,21,5,654,0
2.2498126343803353,33496,47,24,5,210,0
5.569222754963123,45311,29,10,7,806,1
2.6672794673270857,30371,166,28,6,335,0
1.6960897493154161,39467,188,8,7,520,1
2.7022053369961787,18625,141,2,8,418,1
6.0558685229896145,34893,64,23,5,616,0
6.989875276744,11793,101,8,2,799,1
6.811539051968941,32007,37,16,9,971,0
3.7802847073291836,26766,13,27,2,950,1
5.676595955994523,40532,159,22,0,846,0
2.4348900679107466,13323,85,5,4,517,1
3.052034111827093,46799,182,27,3,740,1
7.274350729647838,47820,76,25,8,610,0
1.0910134645751524,46408,95,29,8,81,1
1.5985597159812766,8843,171,3,4,256,0
2.4552037860221914,15210,100,12,9,650,0
1.1857254271167381,17456,192,13,3,733,0
2.270048045628581,32367,114,13,6,949,0
5.081290926787846,11106,10,10,5,864,0
3.9499718541474858,38957,81,4,3,617,1
7.248701977538824,3472,96,9,9,596,1
6.722104932169087,7704,175,22,1,944,1
3.392721461885132,4713,15,24,0,575,0
2.8159640340190473,6051,162,23,3,353,1
3.657846857170868,11756,154,27,3,980,1
5.132064597603654,3475,70,2,0,934,1
2.876445485760134,37378,21,19,5,63,1
5.369042354943938,5255,15,1,3,739,1
3.865881565338683,15484,36,25,0,537,0
4.864330265963861,35503,145,29,0,620,0
4.052885703947217,9258,133,7,0,541,1
3.061260316793424,41747,115,17,7,567,0
7.639173148735097,36196,194,3,9,972,0
6.345240559118325,46113,102,20,7,202,1
1.980792230365168,41194,118,20,1,904,1
7.07927583128539,9533,108,21,6,67,0
4.4120183877465955,33581,177,3,7,446,1
7.26186558825864,6249,151,3,7,120,0
6.598986791631207,20201,44,17,9,138,0
3.9764945312846343,10686,185,7,6,858,1
1.1572851582408217,47877,93,27,4,715,0
2.8807415156946226,33007,65,26,0,934,0
4.791439502626068,1661,186,14,8,861,0
5.434347538783031,45843,150,17,6,335,1
2.805213798032416,31137,198,18,1,17,1
1.975492518509769,48556,58,13,5,38,1
6.844511657595094,43828,55,20,1,121,1
7.890815264924865,49604,122,29,0,956,0
4.679831276118801,11526,199,20,6,682,1
2.2017550009381246,4374,145,21,1,140,1
2.9061512856355827,26592,52,27,1,197,1
1.1287347358322672,29982,157,18,4,684,1
7.400091645923493,1207,133,4,4,718,0
1.824257580230988,36433,106,1,6,484,0
5.035615328599775,24197,99,18,0,373,0
2.918386544810442,34400,48,1,7,213,1
4.879246017610554,4083,94,26,2,221,1
5.559942718463049,30328,186,26,3,630,0
6.8081926259504115,47479,71,13,8,285,1
2.4449489023242226,43891,115,20,3,82,1
1.0769708006093635,21103,116,20,9,688,0
1.958199410481651,40891,63,23,4,781,0
7.300130492936736,11754,135,10,6,252,1
7.117230542937607,35447,18,27,3,796,1
5.181891715192158,16901,97,11,0,111,1
5.203618023035574,34004,46,9,8,996,0
5.655256721823788,8446,58,9,3,694,0
2.227598950364147,38211,50,5,8,180,0
7.400883621474718,49231,26,26,5,662,0
3.9313936742445117,30301,97,1,0,918,1
3.6819696977464824,27116,30,17,2,197,0
4.632423936979863,42323,60,22,1,450,0
1.3287617674253853,19752,68,2,8,95,1
2.163983581292556,33376,176,24,0,485,1
6.166235314984593,17669,192,13,8,61,1
1.5795906754758853,33916,50,9,8,120,0
5.222064766264717,14395,48,29,7,958,1
2.7174437677692467,21421,150,4,7,886,1
3.725069298293836,27342,20,5,0,863,0
3.020856157394899,5895,156,11,7,52,0
3.489709015254644,12023,148,24,9,220,1
6.033321336289719,11699,86,19,2,977,0
3.079852009362225,10715,136,21,6,209,1
4.964832482078281,20169,55,3,0,819,1
4.332352815393698,17163,54,12,0,867,0
5.645698157538537,6782,10,26,9,761,1
7.557808175273306,23641,177,19,4,636,0
6.1280046804717525,19792,117,19,4,35,0
2.5045826501352972,36585,28,13,7,928,0
1.2182819454289926,31682,85,28,6,308,1
2.8358483100987755,48864,81,7,7,86,0
5.165545514901784,19880,198,15,5,933,0
1.3599806943897526,39067,118,23,5,146,1
4.474563730408654,43685,21,7,1,29,1
5.177899942418224,19073,198,26,5,449,1
3.3397072357187256,37035,170,8,4,220,1
6.396385426220753,38174,54,5,2,761,0
1.7461877719364027,25837,99,21,5,560,0
1.5259644721506613,18826,112,14,7,444,0
6.097321293425224,25981,17,4,8,789,1
4.468439213443389,11382,162,23,0,216,1
5.818816774994152,5437,100,10,2,448,0
4.043791370226224,6435,183,20,2,983,1
2.7248142326737477,25819,96,15,7,788,1
6.733716223719398,37875,167,18,0,675,0
6.595911152782855,32982,184,20,4,51,0
5.862875295980987,34328,186,13,2,420,1
2.905015960609739,13329,184,29,1,532,1
5.13161466808361,26169,93,8,7,815,1
3.5268172785801877,22932,91,9,2,619,0
1.641074513286439,35594,155,16,6,436,0
7.421195028235699,12421,77,19,0,284,0
1.9577304164327298,46033,170,16,5,457,0
7.651661476745617,8629,136,7,2,911,0
4.12204041070569,9325,173,14,7,951,1
